MATLAB index,fpga,bank_index,in_bank_index,x,y
1,0,0,240,0.0,0.0
2,1,0,114,10.0,0.0
3,1,0,115,5.000000000000001,8.660254037844386
4,0,0,114,-4.999999999999999,8.660254037844386
5,0,0,115,-10.0,0.0
6,2,0,114,-5.000000000000001,-8.660254037844386
7,2,0,115,4.999999999999999,-8.660254037844386
8,1,0,105,20.0,0.0
9,1,0,106,15.0,8.660254037844386
10,1,0,107,10.000000000000002,17.32050807568877
11,0,0,113,1.7763568394002505e-15,17.32050807568877
12,0,0,105,-9.999999999999998,17.32050807568877
13,0,0,106,-15.0,8.660254037844386
14,0,0,107,-20.0,0.0
15,2,0,113,-15.0,-8.660254037844386
16,2,0,105,-10.000000000000002,-17.32050807568877
17,2,0,106,-1.7763568394002505e-15,-17.32050807568877
18,2,0,107,9.999999999999998,-17.32050807568877
19,1,0,113,15.0,-8.660254037844386
20,1,0,96,30.0,0.0
21,1,0,97,25.0,8.660254037844386
22,1,0,98,20.0,17.32050807568877
23,1,0,99,15.000000000000004,25.980762113533157
24,0,0,112,5.0000000000000036,25.980762113533157
25,0,0,104,-4.9999999999999964,25.980762113533157
26,0,0,96,-14.999999999999996,25.980762113533157
27,0,0,97,-20.0,17.32050807568877
28,0,0,98,-25.0,8.660254037844386
29,0,0,99,-30.0,0.0
30,2,0,112,-25.0,-8.660254037844386
31,2,0,104,-20.0,-17.32050807568877
32,2,0,96,-15.000000000000004,-25.980762113533157
33,2,0,97,-5.0000000000000036,-25.980762113533157
34,2,0,98,4.9999999999999964,-25.980762113533157
35,2,0,99,14.999999999999996,-25.980762113533157
36,1,0,112,20.0,-17.32050807568877
37,1,0,104,25.0,-8.660254037844386
38,1,0,95,40.0,0.0
39,1,0,88,35.0,8.660254037844386
40,1,0,89,30.0,17.32050807568877
41,1,0,90,25.000000000000004,25.980762113533157
42,1,0,91,20.000000000000004,34.64101615137754
43,0,0,119,10.000000000000004,34.64101615137754
44,0,0,111,3.552713678800501e-15,34.64101615137754
45,0,0,103,-9.999999999999996,34.64101615137754
46,0,0,95,-19.999999999999996,34.64101615137754
47,0,0,88,-24.999999999999996,25.980762113533157
48,0,0,89,-30.0,17.32050807568877
49,0,0,90,-35.0,8.660254037844386
50,0,0,91,-40.0,0.0
51,2,0,119,-35.0,-8.660254037844386
52,2,0,111,-30.0,-17.32050807568877
53,2,0,103,-25.000000000000004,-25.980762113533157
54,2,0,95,-20.000000000000004,-34.64101615137754
55,2,0,88,-10.000000000000004,-34.64101615137754
56,2,0,89,-3.552713678800501e-15,-34.64101615137754
57,2,0,90,9.999999999999996,-34.64101615137754
58,2,0,91,19.999999999999996,-34.64101615137754
59,1,0,119,24.999999999999996,-25.980762113533157
60,1,0,111,30.0,-17.32050807568877
61,1,0,103,35.0,-8.660254037844386
62,1,0,86,50.0,0.0
63,1,0,87,45.0,8.660254037844386
64,1,0,80,40.0,17.32050807568877
65,1,0,81,35.0,25.980762113533157
66,1,0,82,30.000000000000004,34.64101615137754
67,1,0,83,25.000000000000004,43.301270189221924
68,0,0,118,15.000000000000004,43.301270189221924
69,0,0,110,5.0000000000000036,43.301270189221924
70,0,0,102,-4.9999999999999964,43.301270189221924
71,0,0,94,-14.999999999999996,43.301270189221924
72,0,0,86,-24.999999999999996,43.301270189221924
73,0,0,87,-29.999999999999996,34.64101615137754
74,0,0,80,-35.0,25.980762113533157
75,0,0,81,-40.0,17.32050807568877
76,0,0,82,-45.0,8.660254037844386
77,0,0,83,-50.0,0.0
78,2,0,118,-45.0,-8.660254037844386
79,2,0,110,-40.0,-17.32050807568877
80,2,0,102,-35.0,-25.980762113533157
81,2,0,94,-30.000000000000004,-34.64101615137754
82,2,0,86,-25.000000000000004,-43.301270189221924
83,2,0,87,-15.000000000000004,-43.301270189221924
84,2,0,80,-5.0000000000000036,-43.301270189221924
85,2,0,81,4.9999999999999964,-43.301270189221924
86,2,0,82,14.999999999999996,-43.301270189221924
87,2,0,83,24.999999999999996,-43.301270189221924
88,1,0,118,29.999999999999996,-34.64101615137754
89,1,0,110,35.0,-25.980762113533157
90,1,0,102,40.0,-17.32050807568877
91,1,0,94,45.0,-8.660254037844386
92,1,0,77,60.0,0.0
93,1,0,78,55.0,8.660254037844386
94,1,0,79,50.0,17.32050807568877
95,1,0,72,45.0,25.980762113533157
96,1,0,73,40.0,34.64101615137754
97,1,0,74,35.0,43.301270189221924
98,1,0,75,30.000000000000007,51.96152422706631
99,0,0,117,20.000000000000007,51.96152422706631
100,0,0,109,10.000000000000007,51.96152422706631
101,0,0,101,7.105427357601002e-15,51.96152422706631
102,0,0,93,-9.999999999999993,51.96152422706631
103,0,0,85,-19.999999999999993,51.96152422706631
104,0,0,77,-29.999999999999993,51.96152422706631
105,0,0,78,-35.0,43.301270189221924
106,0,0,79,-40.0,34.64101615137754
107,0,0,72,-45.0,25.980762113533157
108,0,0,73,-50.0,17.32050807568877
109,0,0,74,-55.0,8.660254037844386
110,0,0,75,-60.0,0.0
111,2,0,117,-55.0,-8.660254037844386
112,2,0,109,-50.0,-17.32050807568877
113,2,0,101,-45.0,-25.980762113533157
114,2,0,93,-40.0,-34.64101615137754
115,2,0,85,-35.0,-43.301270189221924
116,2,0,77,-30.000000000000007,-51.96152422706631
117,2,0,78,-20.000000000000007,-51.96152422706631
118,2,0,79,-10.000000000000007,-51.96152422706631
119,2,0,72,-7.105427357601002e-15,-51.96152422706631
120,2,0,73,9.999999999999993,-51.96152422706631
121,2,0,74,19.999999999999993,-51.96152422706631
122,2,0,75,29.999999999999993,-51.96152422706631
123,1,0,117,35.0,-43.301270189221924
124,1,0,109,40.0,-34.64101615137754
125,1,0,101,45.0,-25.980762113533157
126,1,0,93,50.0,-17.32050807568877
127,1,0,85,55.0,-8.660254037844386
128,1,0,68,70.0,0.0
129,1,0,69,65.0,8.660254037844386
130,1,0,70,60.0,17.32050807568877
131,1,0,71,55.0,25.980762113533157
132,1,0,64,50.0,34.64101615137754
133,1,0,65,45.0,43.301270189221924
134,1,0,66,40.00000000000001,51.96152422706631
135,1,0,67,35.00000000000001,60.6217782649107
136,0,0,116,25.000000000000007,60.6217782649107
137,0,0,108,15.000000000000007,60.6217782649107
138,0,0,100,5.000000000000007,60.6217782649107
139,0,0,92,-4.999999999999993,60.6217782649107
140,0,0,84,-14.999999999999993,60.6217782649107
141,0,0,76,-24.999999999999993,60.6217782649107
142,0,0,68,-34.99999999999999,60.6217782649107
143,0,0,69,-39.99999999999999,51.96152422706631
144,0,0,70,-45.0,43.301270189221924
145,0,0,71,-50.0,34.64101615137754
146,0,0,64,-55.0,25.980762113533157
147,0,0,65,-60.0,17.32050807568877
148,0,0,66,-65.0,8.660254037844386
149,0,0,67,-70.0,0.0
150,2,0,116,-65.0,-8.660254037844386
151,2,0,108,-60.0,-17.32050807568877
152,2,0,100,-55.0,-25.980762113533157
153,2,0,92,-50.0,-34.64101615137754
154,2,0,84,-45.0,-43.301270189221924
155,2,0,76,-40.00000000000001,-51.96152422706631
156,2,0,68,-35.00000000000001,-60.6217782649107
157,2,0,69,-25.000000000000007,-60.6217782649107
158,2,0,70,-15.000000000000007,-60.6217782649107
159,2,0,71,-5.000000000000007,-60.6217782649107
160,2,0,64,4.999999999999993,-60.6217782649107
161,2,0,65,14.999999999999993,-60.6217782649107
162,2,0,66,24.999999999999993,-60.6217782649107
163,2,0,67,34.99999999999999,-60.6217782649107
164,1,0,116,39.99999999999999,-51.96152422706631
165,1,0,108,45.0,-43.301270189221924
166,1,0,100,50.0,-34.64101615137754
167,1,0,92,55.0,-25.980762113533157
168,1,0,84,60.0,-17.32050807568877
169,1,0,76,65.0,-8.660254037844386
170,1,0,179,80.0,0.0
171,1,0,60,75.0,8.660254037844386
172,1,0,61,70.0,17.32050807568877
173,1,0,62,65.0,25.980762113533157
174,1,0,63,60.0,34.64101615137754
175,1,0,56,55.0,43.301270189221924
176,1,0,57,50.00000000000001,51.96152422706631
177,1,0,58,45.00000000000001,60.6217782649107
178,1,0,59,40.00000000000001,69.28203230275508
179,0,0,235,30.000000000000007,69.28203230275508
180,0,0,227,20.000000000000007,69.28203230275508
181,0,0,219,10.000000000000007,69.28203230275508
182,0,0,211,7.105427357601002e-15,69.28203230275508
183,0,0,203,-9.999999999999993,69.28203230275508
184,0,0,195,-19.999999999999993,69.28203230275508
185,0,0,187,-29.999999999999993,69.28203230275508
186,0,0,179,-39.99999999999999,69.28203230275508
187,0,0,60,-44.99999999999999,60.6217782649107
188,0,0,61,-49.99999999999999,51.96152422706631
189,0,0,62,-55.0,43.301270189221924
190,0,0,63,-60.0,34.64101615137754
191,0,0,56,-65.0,25.980762113533157
192,0,0,57,-70.0,17.32050807568877
193,0,0,58,-75.0,8.660254037844386
194,0,0,59,-80.0,0.0
195,2,0,235,-75.0,-8.660254037844386
196,2,0,227,-70.0,-17.32050807568877
197,2,0,219,-65.0,-25.980762113533157
198,2,0,211,-60.0,-34.64101615137754
199,2,0,203,-55.0,-43.301270189221924
200,2,0,195,-50.00000000000001,-51.96152422706631
201,2,0,187,-45.00000000000001,-60.6217782649107
202,2,0,179,-40.00000000000001,-69.28203230275508
203,2,0,60,-30.000000000000007,-69.28203230275508
204,2,0,61,-20.000000000000007,-69.28203230275508
205,2,0,62,-10.000000000000007,-69.28203230275508
206,2,0,63,-7.105427357601002e-15,-69.28203230275508
207,2,0,56,9.999999999999993,-69.28203230275508
208,2,0,57,19.999999999999993,-69.28203230275508
209,2,0,58,29.999999999999993,-69.28203230275508
210,2,0,59,39.99999999999999,-69.28203230275508
211,1,0,235,44.99999999999999,-60.6217782649107
212,1,0,227,49.99999999999999,-51.96152422706631
213,1,0,219,55.0,-43.301270189221924
214,1,0,211,60.0,-34.64101615137754
215,1,0,203,65.0,-25.980762113533157
216,1,0,195,70.0,-17.32050807568877
217,1,0,187,75.0,-8.660254037844386
218,1,0,170,90.0,0.0
219,1,0,171,85.0,8.660254037844386
220,1,0,52,80.0,17.32050807568877
221,1,0,53,75.0,25.980762113533157
222,1,0,54,70.0,34.64101615137754
223,1,0,55,65.0,43.301270189221924
224,1,0,48,60.00000000000001,51.96152422706631
225,1,0,49,55.00000000000001,60.6217782649107
226,1,0,50,50.00000000000001,69.28203230275508
227,1,0,51,45.00000000000001,77.94228634059947
228,0,0,234,35.00000000000001,77.94228634059947
229,0,0,226,25.000000000000007,77.94228634059947
230,0,0,218,15.000000000000007,77.94228634059947
231,0,0,210,5.000000000000007,77.94228634059947
232,0,0,202,-4.999999999999993,77.94228634059947
233,0,0,194,-14.999999999999993,77.94228634059947
234,0,0,186,-24.999999999999993,77.94228634059947
235,0,0,178,-34.99999999999999,77.94228634059947
236,0,0,170,-44.99999999999999,77.94228634059947
237,0,0,171,-49.99999999999999,69.28203230275508
238,0,0,52,-54.99999999999999,60.6217782649107
239,0,0,53,-59.99999999999999,51.96152422706631
240,0,0,54,-65.0,43.301270189221924
241,0,0,55,-70.0,34.64101615137754
242,0,0,48,-75.0,25.980762113533157
243,0,0,49,-80.0,17.32050807568877
244,0,0,50,-85.0,8.660254037844386
245,0,0,51,-90.0,0.0
246,2,0,234,-85.0,-8.660254037844386
247,2,0,226,-80.0,-17.32050807568877
248,2,0,218,-75.0,-25.980762113533157
249,2,0,210,-70.0,-34.64101615137754
250,2,0,202,-65.0,-43.301270189221924
251,2,0,194,-60.00000000000001,-51.96152422706631
252,2,0,186,-55.00000000000001,-60.6217782649107
253,2,0,178,-50.00000000000001,-69.28203230275508
254,2,0,170,-45.00000000000001,-77.94228634059947
255,2,0,171,-35.00000000000001,-77.94228634059947
256,2,0,52,-25.000000000000007,-77.94228634059947
257,2,0,53,-15.000000000000007,-77.94228634059947
258,2,0,54,-5.000000000000007,-77.94228634059947
259,2,0,55,4.999999999999993,-77.94228634059947
260,2,0,48,14.999999999999993,-77.94228634059947
261,2,0,49,24.999999999999993,-77.94228634059947
262,2,0,50,34.99999999999999,-77.94228634059947
263,2,0,51,44.99999999999999,-77.94228634059947
264,1,0,234,49.99999999999999,-69.28203230275508
265,1,0,226,54.99999999999999,-60.6217782649107
266,1,0,218,59.99999999999999,-51.96152422706631
267,1,0,210,65.0,-43.301270189221924
268,1,0,202,70.0,-34.64101615137754
269,1,0,194,75.0,-25.980762113533157
270,1,0,186,80.0,-17.32050807568877
271,1,0,178,85.0,-8.660254037844386
272,1,0,161,100.0,0.0
273,1,0,162,95.0,8.660254037844386
274,1,0,163,90.0,17.32050807568877
275,1,0,44,85.0,25.980762113533157
276,1,0,45,80.0,34.64101615137754
277,1,0,46,75.0,43.301270189221924
278,1,0,47,70.0,51.96152422706631
279,1,0,40,65.0,60.6217782649107
280,1,0,41,60.00000000000001,69.28203230275508
281,1,0,42,55.00000000000001,77.94228634059947
282,1,0,43,50.00000000000001,86.60254037844385
283,0,0,233,40.00000000000001,86.60254037844385
284,0,0,225,30.000000000000007,86.60254037844385
285,0,0,217,20.000000000000007,86.60254037844385
286,0,0,209,10.000000000000007,86.60254037844385
287,0,0,201,7.105427357601002e-15,86.60254037844385
288,0,0,193,-9.999999999999993,86.60254037844385
289,0,0,185,-19.999999999999993,86.60254037844385
290,0,0,177,-29.999999999999993,86.60254037844385
291,0,0,169,-39.99999999999999,86.60254037844385
292,0,0,161,-49.99999999999999,86.60254037844385
293,0,0,162,-54.99999999999999,77.94228634059947
294,0,0,163,-59.99999999999999,69.28203230275508
295,0,0,44,-65.0,60.6217782649107
296,0,0,45,-70.0,51.96152422706631
297,0,0,46,-75.0,43.301270189221924
298,0,0,47,-80.0,34.64101615137754
299,0,0,40,-85.0,25.980762113533157
300,0,0,41,-90.0,17.32050807568877
301,0,0,42,-95.0,8.660254037844386
302,0,0,43,-100.0,0.0
303,2,0,233,-95.0,-8.660254037844386
304,2,0,225,-90.0,-17.32050807568877
305,2,0,217,-85.0,-25.980762113533157
306,2,0,209,-80.0,-34.64101615137754
307,2,0,201,-75.0,-43.301270189221924
308,2,0,193,-70.0,-51.96152422706631
309,2,0,185,-65.0,-60.6217782649107
310,2,0,177,-60.00000000000001,-69.28203230275508
311,2,0,169,-55.00000000000001,-77.94228634059947
312,2,0,161,-50.00000000000001,-86.60254037844385
313,2,0,162,-40.00000000000001,-86.60254037844385
314,2,0,163,-30.000000000000007,-86.60254037844385
315,2,0,44,-20.000000000000007,-86.60254037844385
316,2,0,45,-10.000000000000007,-86.60254037844385
317,2,0,46,-7.105427357601002e-15,-86.60254037844385
318,2,0,47,9.999999999999993,-86.60254037844385
319,2,0,40,19.999999999999993,-86.60254037844385
320,2,0,41,29.999999999999993,-86.60254037844385
321,2,0,42,39.99999999999999,-86.60254037844385
322,2,0,43,49.99999999999999,-86.60254037844385
323,1,0,233,54.99999999999999,-77.94228634059947
324,1,0,225,59.99999999999999,-69.28203230275508
325,1,0,217,65.0,-60.6217782649107
326,1,0,209,70.0,-51.96152422706631
327,1,0,201,75.0,-43.301270189221924
328,1,0,193,80.0,-34.64101615137754
329,1,0,185,85.0,-25.980762113533157
330,1,0,177,90.0,-17.32050807568877
331,1,0,169,95.0,-8.660254037844386
332,1,0,152,110.0,0.0
333,1,0,153,105.0,8.660254037844386
334,1,0,154,100.0,17.32050807568877
335,1,0,155,95.0,25.980762113533157
336,1,0,36,90.0,34.64101615137754
337,1,0,37,85.0,43.301270189221924
338,1,0,38,80.0,51.96152422706631
339,1,0,39,75.0,60.6217782649107
340,1,0,32,70.0,69.28203230275508
341,1,0,33,65.0,77.94228634059947
342,1,0,34,60.00000000000001,86.60254037844385
343,1,0,35,55.00000000000001,95.26279441628824
344,0,0,232,45.00000000000001,95.26279441628824
345,0,0,224,35.00000000000001,95.26279441628824
346,0,0,216,25.000000000000007,95.26279441628824
347,0,0,208,15.000000000000007,95.26279441628824
348,0,0,200,5.000000000000007,95.26279441628824
349,0,0,192,-4.999999999999993,95.26279441628824
350,0,0,184,-14.999999999999993,95.26279441628824
351,0,0,176,-24.999999999999993,95.26279441628824
352,0,0,168,-34.99999999999999,95.26279441628824
353,0,0,160,-44.99999999999999,95.26279441628824
354,0,0,152,-54.99999999999999,95.26279441628824
355,0,0,153,-59.99999999999999,86.60254037844385
356,0,0,154,-65.0,77.94228634059947
357,0,0,155,-70.0,69.28203230275508
358,0,0,36,-75.0,60.6217782649107
359,0,0,37,-80.0,51.96152422706631
360,0,0,38,-85.0,43.301270189221924
361,0,0,39,-90.0,34.64101615137754
362,0,0,32,-95.0,25.980762113533157
363,0,0,33,-100.0,17.32050807568877
364,0,0,34,-105.0,8.660254037844386
365,0,0,35,-110.0,0.0
366,2,0,232,-105.0,-8.660254037844386
367,2,0,224,-100.0,-17.32050807568877
368,2,0,216,-95.0,-25.980762113533157
369,2,0,208,-90.0,-34.64101615137754
370,2,0,200,-85.0,-43.301270189221924
371,2,0,192,-80.0,-51.96152422706631
372,2,0,184,-75.0,-60.6217782649107
373,2,0,176,-70.0,-69.28203230275508
374,2,0,168,-65.0,-77.94228634059947
375,2,0,160,-60.00000000000001,-86.60254037844385
376,2,0,152,-55.00000000000001,-95.26279441628824
377,2,0,153,-45.00000000000001,-95.26279441628824
378,2,0,154,-35.00000000000001,-95.26279441628824
379,2,0,155,-25.000000000000007,-95.26279441628824
380,2,0,36,-15.000000000000007,-95.26279441628824
381,2,0,37,-5.000000000000007,-95.26279441628824
382,2,0,38,4.999999999999993,-95.26279441628824
383,2,0,39,14.999999999999993,-95.26279441628824
384,2,0,32,24.999999999999993,-95.26279441628824
385,2,0,33,34.99999999999999,-95.26279441628824
386,2,0,34,44.99999999999999,-95.26279441628824
387,2,0,35,54.99999999999999,-95.26279441628824
388,1,0,232,59.99999999999999,-86.60254037844385
389,1,0,224,65.0,-77.94228634059947
390,1,0,216,70.0,-69.28203230275508
391,1,0,208,75.0,-60.6217782649107
392,1,0,200,80.0,-51.96152422706631
393,1,0,192,85.0,-43.301270189221924
394,1,0,184,90.0,-34.64101615137754
395,1,0,176,95.0,-25.980762113533157
396,1,0,168,100.0,-17.32050807568877
397,1,0,160,105.0,-8.660254037844386
398,1,0,151,120.0,0.0
399,1,0,144,115.0,8.660254037844386
400,1,0,145,110.0,17.32050807568877
401,1,0,146,105.0,25.980762113533157
402,1,0,147,100.0,34.64101615137754
403,1,0,28,95.0,43.301270189221924
404,1,0,29,90.0,51.96152422706631
405,1,0,30,85.0,60.6217782649107
406,1,0,31,80.0,69.28203230275508
407,1,0,24,75.0,77.94228634059947
408,1,0,25,70.0,86.60254037844385
409,1,0,26,65.0,95.26279441628824
410,1,0,27,60.000000000000014,103.92304845413263
411,0,0,239,50.000000000000014,103.92304845413263
412,0,0,231,40.000000000000014,103.92304845413263
413,0,0,223,30.000000000000014,103.92304845413263
414,0,0,215,20.000000000000014,103.92304845413263
415,0,0,207,10.000000000000014,103.92304845413263
416,0,0,199,1.4210854715202004e-14,103.92304845413263
417,0,0,191,-9.999999999999986,103.92304845413263
418,0,0,183,-19.999999999999986,103.92304845413263
419,0,0,175,-29.999999999999986,103.92304845413263
420,0,0,167,-39.999999999999986,103.92304845413263
421,0,0,159,-49.999999999999986,103.92304845413263
422,0,0,151,-59.999999999999986,103.92304845413263
423,0,0,144,-65.0,95.26279441628824
424,0,0,145,-70.0,86.60254037844385
425,0,0,146,-75.0,77.94228634059947
426,0,0,147,-80.0,69.28203230275508
427,0,0,28,-85.0,60.6217782649107
428,0,0,29,-90.0,51.96152422706631
429,0,0,30,-95.0,43.301270189221924
430,0,0,31,-100.0,34.64101615137754
431,0,0,24,-105.0,25.980762113533157
432,0,0,25,-110.0,17.32050807568877
433,0,0,26,-115.0,8.660254037844386
434,0,0,27,-120.0,0.0
435,2,0,239,-115.0,-8.660254037844386
436,2,0,231,-110.0,-17.32050807568877
437,2,0,223,-105.0,-25.980762113533157
438,2,0,215,-100.0,-34.64101615137754
439,2,0,207,-95.0,-43.301270189221924
440,2,0,199,-90.0,-51.96152422706631
441,2,0,191,-85.0,-60.6217782649107
442,2,0,183,-80.0,-69.28203230275508
443,2,0,175,-75.0,-77.94228634059947
444,2,0,167,-70.0,-86.60254037844385
445,2,0,159,-65.0,-95.26279441628824
446,2,0,151,-60.000000000000014,-103.92304845413263
447,2,0,144,-50.000000000000014,-103.92304845413263
448,2,0,145,-40.000000000000014,-103.92304845413263
449,2,0,146,-30.000000000000014,-103.92304845413263
450,2,0,147,-20.000000000000014,-103.92304845413263
451,2,0,28,-10.000000000000014,-103.92304845413263
452,2,0,29,-1.4210854715202004e-14,-103.92304845413263
453,2,0,30,9.999999999999986,-103.92304845413263
454,2,0,31,19.999999999999986,-103.92304845413263
455,2,0,24,29.999999999999986,-103.92304845413263
456,2,0,25,39.999999999999986,-103.92304845413263
457,2,0,26,49.999999999999986,-103.92304845413263
458,2,0,27,59.999999999999986,-103.92304845413263
459,1,0,239,65.0,-95.26279441628824
460,1,0,231,70.0,-86.60254037844385
461,1,0,223,75.0,-77.94228634059947
462,1,0,215,80.0,-69.28203230275508
463,1,0,207,85.0,-60.6217782649107
464,1,0,199,90.0,-51.96152422706631
465,1,0,191,95.0,-43.301270189221924
466,1,0,183,100.0,-34.64101615137754
467,1,0,175,105.0,-25.980762113533157
468,1,0,167,110.0,-17.32050807568877
469,1,0,159,115.0,-8.660254037844386
470,1,0,142,130.0,0.0
471,1,0,143,125.0,8.660254037844386
472,1,0,136,120.0,17.32050807568877
473,1,0,137,115.0,25.980762113533157
474,1,0,138,110.0,34.64101615137754
475,1,0,139,105.0,43.301270189221924
476,1,0,20,100.0,51.96152422706631
477,1,0,21,95.0,60.6217782649107
478,1,0,22,90.0,69.28203230275508
479,1,0,23,85.0,77.94228634059947
480,1,0,16,80.0,86.60254037844385
481,1,0,17,75.0,95.26279441628824
482,1,0,18,70.00000000000001,103.92304845413263
483,1,0,19,65.00000000000001,112.58330249197701
484,0,0,238,55.000000000000014,112.58330249197701
485,0,0,230,45.000000000000014,112.58330249197701
486,0,0,222,35.000000000000014,112.58330249197701
487,0,0,214,25.000000000000014,112.58330249197701
488,0,0,206,15.000000000000014,112.58330249197701
489,0,0,198,5.000000000000014,112.58330249197701
490,0,0,190,-4.999999999999986,112.58330249197701
491,0,0,182,-14.999999999999986,112.58330249197701
492,0,0,174,-24.999999999999986,112.58330249197701
493,0,0,166,-34.999999999999986,112.58330249197701
494,0,0,158,-44.999999999999986,112.58330249197701
495,0,0,150,-54.999999999999986,112.58330249197701
496,0,0,142,-64.99999999999999,112.58330249197701
497,0,0,143,-69.99999999999999,103.92304845413263
498,0,0,136,-75.0,95.26279441628824
499,0,0,137,-80.0,86.60254037844385
500,0,0,138,-85.0,77.94228634059947
501,0,0,139,-90.0,69.28203230275508
502,0,0,20,-95.0,60.6217782649107
503,0,0,21,-100.0,51.96152422706631
504,0,0,22,-105.0,43.301270189221924
505,0,0,23,-110.0,34.64101615137754
506,0,0,16,-115.0,25.980762113533157
507,0,0,17,-120.0,17.32050807568877
508,0,0,18,-125.0,8.660254037844386
509,0,0,19,-130.0,0.0
510,2,0,238,-125.0,-8.660254037844386
511,2,0,230,-120.0,-17.32050807568877
512,2,0,222,-115.0,-25.980762113533157
513,2,0,214,-110.0,-34.64101615137754
514,2,0,206,-105.0,-43.301270189221924
515,2,0,198,-100.0,-51.96152422706631
516,2,0,190,-95.0,-60.6217782649107
517,2,0,182,-90.0,-69.28203230275508
518,2,0,174,-85.0,-77.94228634059947
519,2,0,166,-80.0,-86.60254037844385
520,2,0,158,-75.0,-95.26279441628824
521,2,0,150,-70.00000000000001,-103.92304845413263
522,2,0,142,-65.00000000000001,-112.58330249197701
523,2,0,143,-55.000000000000014,-112.58330249197701
524,2,0,136,-45.000000000000014,-112.58330249197701
525,2,0,137,-35.000000000000014,-112.58330249197701
526,2,0,138,-25.000000000000014,-112.58330249197701
527,2,0,139,-15.000000000000014,-112.58330249197701
528,2,0,20,-5.000000000000014,-112.58330249197701
529,2,0,21,4.999999999999986,-112.58330249197701
530,2,0,22,14.999999999999986,-112.58330249197701
531,2,0,23,24.999999999999986,-112.58330249197701
532,2,0,16,34.999999999999986,-112.58330249197701
533,2,0,17,44.999999999999986,-112.58330249197701
534,2,0,18,54.999999999999986,-112.58330249197701
535,2,0,19,64.99999999999999,-112.58330249197701
536,1,0,238,69.99999999999999,-103.92304845413263
537,1,0,230,75.0,-95.26279441628824
538,1,0,222,80.0,-86.60254037844385
539,1,0,214,85.0,-77.94228634059947
540,1,0,206,90.0,-69.28203230275508
541,1,0,198,95.0,-60.6217782649107
542,1,0,190,100.0,-51.96152422706631
543,1,0,182,105.0,-43.301270189221924
544,1,0,174,110.0,-34.64101615137754
545,1,0,166,115.0,-25.980762113533157
546,1,0,158,120.0,-17.32050807568877
547,1,0,150,125.0,-8.660254037844386
548,1,0,133,140.0,0.0
549,1,0,134,135.0,8.660254037844386
550,1,0,135,130.0,17.32050807568877
551,1,0,128,125.0,25.980762113533157
552,1,0,129,120.0,34.64101615137754
553,1,0,130,115.0,43.301270189221924
554,1,0,131,110.0,51.96152422706631
555,1,0,12,105.0,60.6217782649107
556,1,0,13,100.0,69.28203230275508
557,1,0,14,95.0,77.94228634059947
558,1,0,15,90.0,86.60254037844385
559,1,0,8,85.0,95.26279441628824
560,1,0,9,80.00000000000001,103.92304845413263
561,1,0,10,75.00000000000001,112.58330249197701
562,1,0,11,70.00000000000001,121.2435565298214
563,0,0,237,60.000000000000014,121.2435565298214
564,0,0,229,50.000000000000014,121.2435565298214
565,0,0,221,40.000000000000014,121.2435565298214
566,0,0,213,30.000000000000014,121.2435565298214
567,0,0,205,20.000000000000014,121.2435565298214
568,0,0,197,10.000000000000014,121.2435565298214
569,0,0,189,1.4210854715202004e-14,121.2435565298214
570,0,0,181,-9.999999999999986,121.2435565298214
571,0,0,173,-19.999999999999986,121.2435565298214
572,0,0,165,-29.999999999999986,121.2435565298214
573,0,0,157,-39.999999999999986,121.2435565298214
574,0,0,149,-49.999999999999986,121.2435565298214
575,0,0,141,-59.999999999999986,121.2435565298214
576,0,0,133,-69.99999999999999,121.2435565298214
577,0,0,134,-74.99999999999999,112.58330249197701
578,0,0,135,-79.99999999999999,103.92304845413263
579,0,0,128,-85.0,95.26279441628824
580,0,0,129,-90.0,86.60254037844385
581,0,0,130,-95.0,77.94228634059947
582,0,0,131,-100.0,69.28203230275508
583,0,0,12,-105.0,60.6217782649107
584,0,0,13,-110.0,51.96152422706631
585,0,0,14,-115.0,43.301270189221924
586,0,0,15,-120.0,34.64101615137754
587,0,0,8,-125.0,25.980762113533157
588,0,0,9,-130.0,17.32050807568877
589,0,0,10,-135.0,8.660254037844386
590,0,0,11,-140.0,0.0
591,2,0,237,-135.0,-8.660254037844386
592,2,0,229,-130.0,-17.32050807568877
593,2,0,221,-125.0,-25.980762113533157
594,2,0,213,-120.0,-34.64101615137754
595,2,0,205,-115.0,-43.301270189221924
596,2,0,197,-110.0,-51.96152422706631
597,2,0,189,-105.0,-60.6217782649107
598,2,0,181,-100.0,-69.28203230275508
599,2,0,173,-95.0,-77.94228634059947
600,2,0,165,-90.0,-86.60254037844385
601,2,0,157,-85.0,-95.26279441628824
602,2,0,149,-80.00000000000001,-103.92304845413263
603,2,0,141,-75.00000000000001,-112.58330249197701
604,2,0,133,-70.00000000000001,-121.2435565298214
605,2,0,134,-60.000000000000014,-121.2435565298214
606,2,0,135,-50.000000000000014,-121.2435565298214
607,2,0,128,-40.000000000000014,-121.2435565298214
608,2,0,129,-30.000000000000014,-121.2435565298214
609,2,0,130,-20.000000000000014,-121.2435565298214
610,2,0,131,-10.000000000000014,-121.2435565298214
611,2,0,12,-1.4210854715202004e-14,-121.2435565298214
612,2,0,13,9.999999999999986,-121.2435565298214
613,2,0,14,19.999999999999986,-121.2435565298214
614,2,0,15,29.999999999999986,-121.2435565298214
615,2,0,8,39.999999999999986,-121.2435565298214
616,2,0,9,49.999999999999986,-121.2435565298214
617,2,0,10,59.999999999999986,-121.2435565298214
618,2,0,11,69.99999999999999,-121.2435565298214
619,1,0,237,74.99999999999999,-112.58330249197701
620,1,0,229,79.99999999999999,-103.92304845413263
621,1,0,221,85.0,-95.26279441628824
622,1,0,213,90.0,-86.60254037844385
623,1,0,205,95.0,-77.94228634059947
624,1,0,197,100.0,-69.28203230275508
625,1,0,189,105.0,-60.6217782649107
626,1,0,181,110.0,-51.96152422706631
627,1,0,173,115.0,-43.301270189221924
628,1,0,165,120.0,-34.64101615137754
629,1,0,157,125.0,-25.980762113533157
630,1,0,149,130.0,-17.32050807568877
631,1,0,141,135.0,-8.660254037844386
632,1,0,124,150.0,0.0
633,1,0,125,145.0,8.660254037844386
634,1,0,126,140.0,17.32050807568877
635,1,0,127,135.0,25.980762113533157
636,1,0,120,130.0,34.64101615137754
637,1,0,121,125.0,43.301270189221924
638,1,0,122,120.0,51.96152422706631
639,1,0,123,115.0,60.6217782649107
640,1,0,4,110.0,69.28203230275508
641,1,0,5,105.0,77.94228634059947
642,1,0,6,100.0,86.60254037844385
643,1,0,7,95.0,95.26279441628824
644,1,0,0,90.00000000000001,103.92304845413263
645,1,0,1,85.00000000000001,112.58330249197701
646,1,0,2,80.00000000000001,121.2435565298214
647,1,0,3,75.00000000000001,129.90381056766577
648,0,0,236,65.00000000000001,129.90381056766577
649,0,0,228,55.000000000000014,129.90381056766577
650,0,0,220,45.000000000000014,129.90381056766577
651,0,0,212,35.000000000000014,129.90381056766577
652,0,0,204,25.000000000000014,129.90381056766577
653,0,0,196,15.000000000000014,129.90381056766577
654,0,0,188,5.000000000000014,129.90381056766577
655,0,0,180,-4.999999999999986,129.90381056766577
656,0,0,172,-14.999999999999986,129.90381056766577
657,0,0,164,-24.999999999999986,129.90381056766577
658,0,0,156,-34.999999999999986,129.90381056766577
659,0,0,148,-44.999999999999986,129.90381056766577
660,0,0,140,-54.999999999999986,129.90381056766577
661,0,0,132,-64.99999999999999,129.90381056766577
662,0,0,124,-74.99999999999999,129.90381056766577
663,0,0,125,-79.99999999999999,121.2435565298214
664,0,0,126,-84.99999999999999,112.58330249197701
665,0,0,127,-89.99999999999999,103.92304845413263
666,0,0,120,-95.0,95.26279441628824
667,0,0,121,-100.0,86.60254037844385
668,0,0,122,-105.0,77.94228634059947
669,0,0,123,-110.0,69.28203230275508
670,0,0,4,-115.0,60.6217782649107
671,0,0,5,-120.0,51.96152422706631
672,0,0,6,-125.0,43.301270189221924
673,0,0,7,-130.0,34.64101615137754
674,0,0,0,-135.0,25.980762113533157
675,0,0,1,-140.0,17.32050807568877
676,0,0,2,-145.0,8.660254037844386
677,0,0,3,-150.0,0.0
678,2,0,236,-145.0,-8.660254037844386
679,2,0,228,-140.0,-17.32050807568877
680,2,0,220,-135.0,-25.980762113533157
681,2,0,212,-130.0,-34.64101615137754
682,2,0,204,-125.0,-43.301270189221924
683,2,0,196,-120.0,-51.96152422706631
684,2,0,188,-115.0,-60.6217782649107
685,2,0,180,-110.0,-69.28203230275508
686,2,0,172,-105.0,-77.94228634059947
687,2,0,164,-100.0,-86.60254037844385
688,2,0,156,-95.0,-95.26279441628824
689,2,0,148,-90.00000000000001,-103.92304845413263
690,2,0,140,-85.00000000000001,-112.58330249197701
691,2,0,132,-80.00000000000001,-121.2435565298214
692,2,0,124,-75.00000000000001,-129.90381056766577
693,2,0,125,-65.00000000000001,-129.90381056766577
694,2,0,126,-55.000000000000014,-129.90381056766577
695,2,0,127,-45.000000000000014,-129.90381056766577
696,2,0,120,-35.000000000000014,-129.90381056766577
697,2,0,121,-25.000000000000014,-129.90381056766577
698,2,0,122,-15.000000000000014,-129.90381056766577
699,2,0,123,-5.000000000000014,-129.90381056766577
700,2,0,4,4.999999999999986,-129.90381056766577
701,2,0,5,14.999999999999986,-129.90381056766577
702,2,0,6,24.999999999999986,-129.90381056766577
703,2,0,7,34.999999999999986,-129.90381056766577
704,2,0,0,44.999999999999986,-129.90381056766577
705,2,0,1,54.999999999999986,-129.90381056766577
706,2,0,2,64.99999999999999,-129.90381056766577
707,2,0,3,74.99999999999999,-129.90381056766577
708,1,0,236,79.99999999999999,-121.2435565298214
709,1,0,228,84.99999999999999,-112.58330249197701
710,1,0,220,89.99999999999999,-103.92304845413263
711,1,0,212,95.0,-95.26279441628824
712,1,0,204,100.0,-86.60254037844385
713,1,0,196,105.0,-77.94228634059947
714,1,0,188,110.0,-69.28203230275508
715,1,0,180,115.0,-60.6217782649107
716,1,0,172,120.0,-51.96152422706631
717,1,0,164,125.0,-43.301270189221924
718,1,0,156,130.0,-34.64101615137754
719,1,0,148,135.0,-25.980762113533157
720,1,0,140,140.0,-17.32050807568877
721,1,0,132,145.0,-8.660254037844386
